Workbook

Sheet danh-muc-linh-kien
A1: ma_linh_kien | B1: ten_thiet_bi | C1: don_gia | D1: loai_storage
A2: CPU-001 | B2: CPU IoT tiết kiệm điện | C2: 1250000 | D2: N/A
A3: CPU-002 | B3: CPU biên 4 nhân | C3: 1850000 | D3: N/A
A4: RAM-004 | B4: RAM 4GB công nghiệp | C4: 420000 | D4: N/A
A5: RAM-008 | B5: RAM 8GB công nghiệp | C5: 620000 | D5: N/A
A6: RAM-016 | B6: RAM 16GB công nghiệp | C6: 990000 | D6: N/A
A7: SSD-128 | B7: SSD 128GB chịu nhiệt | C7: 650000 | D7: SSD
A8: SSD-256 | B8: SSD 256GB chịu nhiệt | C8: 890000 | D8: SSD
A9: SSD-512 | B9: SSD 512GB chịu nhiệt | C9: 1390000 | D9: SSD
A10: HDD-1T | B10: HDD 1TB giám sát | C10: 1050000 | D10: HDD

Sheet trang-thai-tram
A1: ma_tram | B1: ma_linh_kien | C1: dung_luong_ram | D1: ngay_lap_dat | E1: ten_thiet_bi | F1: ma_linh_kien_sach
A2: TR-001 | B2: SSD-512 | C2: 8GB | D2: 45660 | E2: =IFERROR(VLOOKUP(TRIM(B2),'danh-muc-linh-kien'!$A$2:$D$10,2,FALSE),"KIEM_TRA_MA") | F2: =TRIM(B2)
A3: TR-002 | B3: SSD-128 | C3: 16GB | D3: 45662 | E3: =IFERROR(VLOOKUP(TRIM(B3),'danh-muc-linh-kien'!$A$2:$D$10,2,FALSE),"KIEM_TRA_MA") | F3: =TRIM(B3)
A4: TR-003 | B4: RAM-016 | C4: 16GB | D4: 45664 | E4: =IFERROR(VLOOKUP(TRIM(B4),'danh-muc-linh-kien'!$A$2:$D$10,2,FALSE),"KIEM_TRA_MA") | F4: =TRIM(B4)
A5: TR-004 | B5: RAM-004 | C5: 4GB | D5: 45666 | E5: =IFERROR(VLOOKUP(TRIM(B5),'danh-muc-linh-kien'!$A$2:$D$10,2,FALSE),"KIEM_TRA_MA") | F5: =TRIM(B5)
A6: TR-005 | B6: CPU-001 | C6: 16GB | D6: 45668 | E6: =IFERROR(VLOOKUP(TRIM(B6),'danh-muc-linh-kien'!$A$2:$D$10,2,FALSE),"KIEM_TRA_MA") | F6: =TRIM(B6)
A7: TR-006 | B7: HDD-1T | C7: 4GB | D7: 45670 | E7: =IFERROR(VLOOKUP(TRIM(B7),'danh-muc-linh-kien'!$A$2:$D$10,2,FALSE),"KIEM_TRA_MA") | F7: =TRIM(B7)
A8: TR-007 | B8: SSD-256 | C8: 8GB | D8: 45672 | E8: =IFERROR(VLOOKUP(TRIM(B8),'danh-muc-linh-kien'!$A$2:$D$10,2,FALSE),"KIEM_TRA_MA") | F8: =TRIM(B8)
A9: TR-008 | B9: RAM-016 | C9: 16GB | D9: 45674 | E9: =IFERROR(VLOOKUP(TRIM(B9),'danh-muc-linh-kien'!$A$2:$D$10,2,FALSE),"KIEM_TRA_MA") | F9: =TRIM(B9)
A10: TR-009 | B10: RAM-008 | C10: 8GB | D10: 45676 | E10: =IFERROR(VLOOKUP(TRIM(B10),'danh-muc-linh-kien'!$A$2:$D$10,2,FALSE),"KIEM_TRA_MA") | F10: =TRIM(B10)
A11: TR-010 | B11: CPU-002 | C11: 8GB | D11: 45678 | E11: =IFERROR(VLOOKUP(TRIM(B11),'danh-muc-linh-kien'!$A$2:$D$10,2,FALSE),"KIEM_TRA_MA") | F11: =TRIM(B11)
A12: TR-011 | B12: HDD-1T | C12: 16GB | D12: 45680 | E12: =IFERROR(VLOOKUP(TRIM(B12),'danh-muc-linh-kien'!$A$2:$D$10,2,FALSE),"KIEM_TRA_MA") | F12: =TRIM(B12)
A13: TR-012 | B13: SSD-512 | C13: 4GB | D13: 45682 | E13: =IFERROR(VLOOKUP(TRIM(B13),'danh-muc-linh-kien'!$A$2:$D$10,2,FALSE),"KIEM_TRA_MA") | F13: =TRIM(B13)
... A101: TR-100 | B101: RAM-016 | C101: 16GB | D101: 45858 | E101: =IFERROR(VLOOKUP(TRIM(B101),'danh-muc-linh-kien'!$A$2:$D$10,2,FALSE),"KIEM_TRA_MA") | F101: =TRIM(B101)

Sheet huong-dan
A1: Mục | B1: Hướng dẫn
A2: VLOOKUP | B2: Dùng FALSE và vùng danh mục tuyệt đối.
A3: TRIM | B3: Cột ma_linh_kien_sach chuẩn hóa mã có khoảng trắng.
A4: Bẫy dữ liệu | B4: Header duy nhất hàng 1; không merge cell/hàng trống.
A5: Kiểm tra lỗi | B5: KIEM_TRA_MA nghĩa là cần đối chiếu danh mục.
A6: Dữ liệu mẫu | B6: TR-012 và TR-037 có khoảng trắng thừa để minh họa TRIM.
